"Reference Position","Type","Length","Reference","Allele","Linkage","Zygosity","Count","Coverage","Frequency","Forward/reverse balance","Average quality","Overlapping annotations","Coding region change","Amino acid change"
"210","SNV","1","G","T","","Homozygous","3164","3165","99.9684044234","0.4971714886","35.9886219975","N/A","N/A","N/A"
"241","SNV","1","C","T","","Homozygous","3209","3216","99.7823383085","0.4922635189","36.1667186039","N/A","N/A","N/A"
"1072","SNV","1","A","C","","Heterozygous","40","3910","1.0230179028","0","11.35","N/A","N/A","N/A"
"1357","SNV","1","T","G","","Heterozygous","44","3004","1.464713715","0","11.3181818182","N/A","N/A","N/A"
"2949","SNV","1","T","G","","Heterozygous","59","3581","1.6475844736","0","12.1525423729","N/A","N/A","N/A"
"3037","SNV","1","C","T","","Homozygous","3446","3450","99.884057971","0.4973472791","33.0621009867","N/A","N/A","N/A"
"4181","SNV","1","G","T","","Heterozygous","4273","8655","49.3703061814","0.3214682981","36.4519073251","N/A","N/A","N/A"
"5184","SNV","1","C","T","","Heterozygous","1111","2302","48.2623805387","0.4355418593","36.098109811","N/A","N/A","N/A"
"6402","SNV","1","C","T","","Heterozygous","8931","17485","51.0780669145","0.4865505871","35.9564438473","N/A","N/A","N/A"
"6697","Insertion","1","-","T","","Heterozygous","27","1308","2.0642201835","0.4705882353","33.2962962963","N/A","N/A","N/A"
"7124","SNV","1","C","T","","Heterozygous","1281","2632","48.670212766","0","36.5097580016","N/A","N/A","N/A"
"8986","SNV","1","C","T","","Heterozygous","1702","3403","50.014692918","0","35.6980023502","N/A","N/A","N/A"
"9053","SNV","1","G","T","","Heterozygous","1716","3385","50.694239291","0.4926536732","35.9265734266","N/A","N/A","N/A"
"9891","SNV","1","C","T","","Heterozygous","909","1842","49.348534202","0","36.6391639164","N/A","N/A","N/A"
"10029","SNV","1","C","T","","Heterozygous","882","1845","47.8048780488","0.3976648352","36.387755102","N/A","N/A","N/A"
"11075","Insertion","1","-","T","","Heterozygous","194","8375","2.3164179104","0","36.3092783505","N/A","N/A","N/A"
"11075","Deletion","1","T","-","","Heterozygous","103","8375","1.2298507463","0","35.8155339806","N/A","N/A","N/A"
"11096","Insertion","1","-","T","","Heterozygous","96","8294","1.1574632264","0","36.4791666667","N/A","N/A","N/A"
"11201","SNV","1","A","G","","Heterozygous","4220","8368","50.430210325","0.4712773998","36.5142180095","N/A","N/A","N/A"
"11332","SNV","1","A","G","","Heterozygous","6312","12397","50.9155440832","0.309252218","36.7820025349","N/A","N/A","N/A"
"11418","SNV","1","T","C","","Heterozygous","1949","3862","50.4660797514","0","36.8655720883","N/A","N/A","N/A"
"11514","SNV","1","C","T","","Heterozygous","1878","3793","49.5122594253","0.4951750758","34.809371672","N/A","N/A","N/A"
"14184","SNV","1","C","T","","Heterozygous","809","4710","17.1762208068","0","36.7873918418","N/A","N/A","N/A"
"14408","SNV","1","C","T","","Homozygous","8116","8127","99.8646487019","0.4993061688","35.574420897","N/A","N/A","N/A"
"15451","SNV","1","G","A","","Homozygous","10817","10831","99.8707413905","9.244E-5","36.7753536101","N/A","N/A","N/A"
"16466","SNV","1","C","T","","Homozygous","8475","8483","99.9056937404","0.4893215339","36.1178761062","N/A","N/A","N/A"
"17236","SNV","1","A","G","","Heterozygous","6518","12804","50.9059668853","0.4943555974","36.6011046333","N/A","N/A","N/A"
"18167","SNV","1","C","T","","Heterozygous","2169","4533","47.849106552","0.4949447449","35.7284462886","N/A","N/A","N/A"
"19984","Insertion","1","-","T","","Heterozygous","63","3890","1.6195372751","0","36.8095238095","N/A","N/A","N/A"
"20911","SNV","1","T","C","","Heterozygous","1306","2714","48.1208548268","0","36.7641653905","N/A","N/A","N/A"
"21102","Insertion","1","-","T","","Heterozygous","89","6573","1.3540240377","0.4157303371","34.6404494382","N/A","N/A","N/A"
"21618","SNV","1","C","G","","Homozygous","1110","1112","99.8201438849","0","36.6630630631","N/A","N/A","N/A"
"22227","SNV","1","C","T","","Heterozygous","155","325","47.6923076923","0","35.8","N/A","N/A","N/A"
"22319","SNV","1","G","T","","Heterozygous","500","1060","47.1698113208","0.294","36.404","N/A","N/A","N/A"
"22354","SNV","1","T","G","","Heterozygous","9","723","1.244813278","0","12.5555555556","N/A","N/A","N/A"
"22661","SNV","1","G","C","","Heterozygous","477","1016","46.9488188976","0.4002525253","36.2578616352","N/A","N/A","N/A"
"22917","SNV","1","T","G","","Homozygous","1515","1516","99.9340369393","0","36.6158415842","N/A","N/A","N/A"
"22952","SNV","1","T","G","","Heterozygous","16","1487","1.0759919301","0","11","N/A","N/A","N/A"
"22981","SNV","1","T","C","","Heterozygous","717","1495","47.9598662207","0.4833333333","36.3026499303","N/A","N/A","N/A"
"22995","SNV","1","C","A","","Homozygous","1487","1488","99.9327956989","0.4934210526","34.8493611298","N/A","N/A","N/A"
"23403","SNV","1","A","G","","Homozygous","6830","6833","99.9560954193","0","36.8345534407","N/A","N/A","N/A"
"23604","SNV","1","C","G","","Homozygous","4942","4944","99.9595469256","0.4746125067","36.675839741","N/A","N/A","N/A"
"24208","SNV","1","C","T","","Heterozygous","2590","5359","48.3299122971","0","36.2656370656","N/A","N/A","N/A"
"25469","SNV","1","C","T","","Homozygous","5033","5037","99.9205876514","0.4978192514","36.0061593483","N/A","N/A","N/A"
"26650","SNV","1","A","C","","Heterozygous","46","4111","1.1189491608","0","11.3043478261","N/A","N/A","N/A"
"26767","SNV","1","T","C","","Homozygous","4217","4218","99.9762920816","0.4039660057","36.581218876","N/A","N/A","N/A"
"27291","SNV","1","T","C","","Heterozygous","3598","6445","55.8262218774","0.437332914","33.9377431907","N/A","N/A","N/A"
"27638","SNV","1","T","C","","Homozygous","1551","1552","99.9355670103","0.4844533601","35.2875564152","N/A","N/A","N/A"
"27752","SNV","1","C","T","","Homozygous","1557","1559","99.8717126363","0","36.5928066795","N/A","N/A","N/A"
"27874","SNV","1","C","T","","Heterozygous","2315","4635","49.9460625674","0","36.7028077754","N/A","N/A","N/A"
"28215","Insertion","1","-","T","","Heterozygous","105","8286","1.2671976828","0.435483871","36.4285714286","N/A","N/A","N/A"
"28248","Deletion","6","GATTTC","-","","Homozygous","8191","8245","99.3450576107","0.4990391172","34.439257351","N/A","N/A","N/A"
"28271","Deletion","1","A","-","","Homozygous","8221","8232","99.8663751215","0.4977487202","35.7142683372","N/A","N/A","N/A"
"28638","SNV","1","C","T","","Heterozygous","4313","9313","46.3116074305","0.4401664932","36.5339670763","N/A","N/A","N/A"
"28881","SNV","1","G","T","","Homozygous","2167","2171","99.8157531092","0.5","35.8887863406","N/A","N/A","N/A"
"28916","SNV","1","G","T","","Heterozygous","1118","2176","51.3786764706","0.4871323529","36.3613595707","N/A","N/A","N/A"
"29402","SNV","1","G","T","","Homozygous","1509","1509","100","0","36.4632206759","N/A","N/A","N/A"
"29541","SNV","1","C","T","","Heterozygous","3536","7565","46.7415730337","0.1979638009","36.350678733","N/A","N/A","N/A"
"29742","SNV","1","G","T","","Homozygous","6016","6024","99.8671978752","1.662E-4","36.4295212766","N/A","N/A","N/A"
